comment date,comment
2020-02-01 00:10:44,ğŸ¤¡
2020-01-30 17:11:08,â¤ï¸â¤ï¸
2020-01-30 13:20:13,ğŸ’ğŸ’
2020-01-30 12:02:06,Constellation series is always so charming.
2020-01-30 09:17:52,ğŸ‘ğŸ‘ğŸ‘ğŸ‘ğŸ˜
2020-01-30 06:45:42,Murahhh @denny.samboh @chris_will909 @tjungrobert @bui_hiung .... Baginda @danielsumarjiyo pas lah
2020-01-30 04:50:52,ğŸ‘ğŸ»ğŸ‘ğŸ»ğŸ’¯ğŸ’¯ğŸ’¯ğŸ’¯ğŸ’¯ğŸ’¯
2020-01-29 20:23:29,â˜…â˜…â˜…â˜…â˜…
2020-01-29 20:02:10,ğŸ˜
2020-01-29 19:37:20,ğŸ’•
2020-01-29 19:25:15,ğŸš€ğŸš€ğŸš€ğŸš€
2020-01-29 17:50:48,ğŸ’¯ğŸ’¯ğŸ’¯
2020-01-29 17:23:18,@nachito_pantoja
2020-01-29 16:50:37,ğŸ”
2020-01-29 16:41:33,29 . @omega ğŸ˜…ğŸ‘Œâ¤ï¸
2020-01-29 16:24:48,ğŸ‘
